index	class	query_version	query_kind	total_count	incomplete_results	observed_items	observed_repositories	started_at	completed_at	raw_sha256	github_request_id	query
1	org.apache.kafka.clients.ApiVersions	JAVA_EXACT_IMPORT_V1	java_exact_import	1212	false	100	46	2026-07-19T01:11:20Z	2026-07-19T01:11:22Z	88230a361feca199574d7344938bccce7718eb95d341fa2138455da1a55d88a8	E925:2A39DD:2A5F6A:321D29:6A5C2439	"import org.apache.kafka.clients.ApiVersions;" language:Java NOT repo:apache/kafka NOT is:fork
2	org.apache.kafka.clients.ApiVersions	SCALA_EXACT_IMPORT_V1	scala_exact_import	8	false	8	8	2026-07-20T03:03:15Z	2026-07-20T03:03:17Z	10d9aa3df6b7a3106e21d260ccd58aaa6b1a0c54174ae1f2653716a82efed671	F65E:339EF2:12BE5D6:15C7C37:6A5D8FF4	"import org.apache.kafka.clients.ApiVersions" language:Scala NOT repo:apache/kafka NOT is:fork
9	org.apache.kafka.clients.ClientResponse	JAVA_EXACT_IMPORT_V1	java_exact_import	1304	false	100	57	2026-07-19T01:11:50Z	2026-07-19T01:11:52Z	40ebff84b16b812d9449fe133a71440cc677237331d1d4ddfce2f7a13a168e63	E95D:32F942:2A653A:32238E:6A5C2456	"import org.apache.kafka.clients.ClientResponse;" language:Java NOT repo:apache/kafka NOT is:fork
10	org.apache.kafka.clients.ClientResponse	SCALA_EXACT_IMPORT_V1	scala_exact_import	517	false	100	45	2026-07-20T03:03:29Z	2026-07-20T03:03:31Z	b8ad30671fb1ffcd4887cf159dc8ea8160cc7589cb9b69fc96f5fec34cdbb5aa	F679:339EF2:12BF1C9:15C89BB:6A5D9001	"import org.apache.kafka.clients.ClientResponse" language:Scala NOT repo:apache/kafka NOT is:fork
11	org.apache.kafka.clients.ClientUtils	JAVA_EXACT_IMPORT_V1	java_exact_import	1104	false	100	59	2026-07-19T01:11:52Z	2026-07-19T01:11:55Z	50d764d0d19e23a52cd60e8ca2f97b6826a5fdc21bf864278320c9a9bb4b892a	E963:3DCCF9:2B7CBB:333C10:6A5C2459	"import org.apache.kafka.clients.ClientUtils;" language:Java NOT repo:apache/kafka NOT is:fork
12	org.apache.kafka.clients.ClientUtils	SCALA_EXACT_IMPORT_V1	scala_exact_import	4	false	4	4	2026-07-20T03:04:18Z	2026-07-20T03:04:19Z	39e2743fdd527626a36c7653be230b718a9d75f9ed93f796bc26658ef183cf24	F696:1602E9:12EE7BB:15F7148:6A5D9032	"import org.apache.kafka.clients.ClientUtils" language:Scala NOT repo:apache/kafka NOT is:fork
13	org.apache.kafka.clients.CommonClientConfigs	JAVA_EXACT_IMPORT_V1	java_exact_import	1456	false	100	94	2026-07-19T01:11:56Z	2026-07-19T01:12:00Z	a71a24ad3ff0de831a263d88a4d96c2ab2a1dbb5e317eb9a96586456b1831dc5	E969:29E318:29DE95:319DF1:6A5C245C	"import org.apache.kafka.clients.CommonClientConfigs;" language:Java NOT repo:apache/kafka NOT is:fork
14	org.apache.kafka.clients.CommonClientConfigs	SCALA_EXACT_IMPORT_V1	scala_exact_import	1200	false	100	85	2026-07-20T03:04:23Z	2026-07-20T03:04:25Z	8ed2199369e55ea37d99cf6cb5fc1a3767533837680d9c9d1e218ffe2492f287	F69E:1EC310:122CCED:1535444:6A5D9037	"import org.apache.kafka.clients.CommonClientConfigs" language:Scala NOT repo:apache/kafka NOT is:fork
25	org.apache.kafka.clients.GroupRebalanceConfig	JAVA_EXACT_IMPORT_V1	java_exact_import	1210	false	100	56	2026-07-19T01:12:25Z	2026-07-19T01:12:27Z	c5ee7f37af1d57d0e370422fc5ac98d3812e3d756bc61ded79225e391ac9f23f	E988:A2A4:277666:2F35F9:6A5C247A	"import org.apache.kafka.clients.GroupRebalanceConfig;" language:Java NOT repo:apache/kafka NOT is:fork
26	org.apache.kafka.clients.GroupRebalanceConfig	SCALA_EXACT_IMPORT_V1	scala_exact_import	1	false	1	1	2026-07-20T03:05:26Z	2026-07-20T03:05:27Z	03b9e1bc91ef9af603da97faa683b962ee495b40d8e22e4ca968502857614abc	F6D3:1C161B:13074B3:161111C:6A5D9076	"import org.apache.kafka.clients.GroupRebalanceConfig" language:Scala NOT repo:apache/kafka NOT is:fork
31	org.apache.kafka.clients.KafkaClient	JAVA_EXACT_IMPORT_V1	java_exact_import	1300	false	100	67	2026-07-19T01:12:31Z	2026-07-19T01:12:33Z	1e3954d201f9e50b5d51b16928ee58e813871e59ba368ed5eb37a3b291d7e0f3	E990:27C73D:2DC7A3:358DB2:6A5C2480	"import org.apache.kafka.clients.KafkaClient;" language:Java NOT repo:apache/kafka NOT is:fork
32	org.apache.kafka.clients.KafkaClient	SCALA_EXACT_IMPORT_V1	scala_exact_import	0	false	0	0	2026-07-20T03:06:25Z	2026-07-20T03:06:25Z	08c082fdf7ca87ba911a2aabb0f0cf2d3e482a6feeaac9713e4578c20b2600b2	F702:3EFC6D:12DAEB0:15E5A1A:6A5D90B1	"import org.apache.kafka.clients.KafkaClient" language:Scala NOT repo:apache/kafka NOT is:fork
37	org.apache.kafka.clients.Metadata	JAVA_EXACT_IMPORT_V1	java_exact_import	1368	false	100	57	2026-07-19T01:12:37Z	2026-07-19T01:12:40Z	ceb7b06bc2f27468deca8e1c35e74eeefabb64d075f5cc1be8bf0bd70dee04cb	E99D:20145F:29986F:31619E:6A5C2486	"import org.apache.kafka.clients.Metadata;" language:Java NOT repo:apache/kafka NOT is:fork
38	org.apache.kafka.clients.Metadata	SCALA_EXACT_IMPORT_V1	scala_exact_import	3	false	3	3	2026-07-20T03:06:35Z	2026-07-20T03:06:36Z	27b590b78dc3e131dfb9709d13441bfdcd9a8274d9de329c9f0298fd73292c64	F711:368066:1262666:156CCF2:6A5D90BB	"import org.apache.kafka.clients.Metadata" language:Scala NOT repo:apache/kafka NOT is:fork
51	org.apache.kafka.clients.NetworkClient	JAVA_EXACT_IMPORT_V1	java_exact_import	1464	false	100	61	2026-07-19T01:13:36Z	2026-07-19T01:13:39Z	9f87fdb70ef296177b01e6d252f00f04eee6cc2b325c7f5723d0efbf3b7acb9e	E9DC:15D21A:2A8133:325468:6A5C24C1	"import org.apache.kafka.clients.NetworkClient;" language:Java NOT repo:apache/kafka NOT is:fork
52	org.apache.kafka.clients.NetworkClient	SCALA_EXACT_IMPORT_V1	scala_exact_import	20	false	20	13	2026-07-20T03:08:30Z	2026-07-20T03:08:32Z	691ccf141fbbd30f960942466291669d84a64403a6f1d761bb66f322e43c6c7e	F76D:29E318:12CA3A6:15D4E16:6A5D912F	"import org.apache.kafka.clients.NetworkClient" language:Scala NOT repo:apache/kafka NOT is:fork
57	org.apache.kafka.clients.NodeApiVersions	JAVA_EXACT_IMPORT_V1	java_exact_import	1408	false	100	50	2026-07-19T01:13:43Z	2026-07-19T01:13:44Z	6f4d3ddebb3e78dcc3421ddd432fa1e50a0676b8a8df410e3e5b9270a79cc87a	E9EA:3DCCF9:2BC94E:33950E:6A5C24C7	"import org.apache.kafka.clients.NodeApiVersions;" language:Java NOT repo:apache/kafka NOT is:fork
58	org.apache.kafka.clients.NodeApiVersions	SCALA_EXACT_IMPORT_V1	scala_exact_import	199	false	100	49	2026-07-20T03:08:40Z	2026-07-20T03:08:42Z	de4bdfc77fe7a9fa4cc7156739338cddca212f23d6bc19b6a78f4f14740a5e45	F77F:1532A1:13255F9:1630596:6A5D9139	"import org.apache.kafka.clients.NodeApiVersions" language:Scala NOT repo:apache/kafka NOT is:fork
65	org.apache.kafka.common.cache.LRUCache	JAVA_EXACT_IMPORT_V1	java_exact_import	1002	false	100	53	2026-07-19T01:14:40Z	2026-07-19T01:14:44Z	e306f443cd0c61cee4442726e80b7b69df62d28d2b1edb4ba16133397a983fdf	EA40:3339BC:2ADD0C:32B2C8:6A5C2500	"import org.apache.kafka.common.cache.LRUCache;" language:Java NOT repo:apache/kafka NOT is:fork
66	org.apache.kafka.common.cache.LRUCache	SCALA_EXACT_IMPORT_V1	scala_exact_import	5	false	5	3	2026-07-20T03:09:40Z	2026-07-20T03:09:40Z	dc8d456578bab5d4066e7c13aa6c91e1c1257911ce25df7cfbcce1dec7d8985e	F80F:3307ED:12C9689:15D48B6:6A5D9174	"import org.apache.kafka.common.cache.LRUCache" language:Scala NOT repo:apache/kafka NOT is:fork
69	org.apache.kafka.common.compress.Compression	JAVA_EXACT_IMPORT_V1	java_exact_import	1360	false	100	28	2026-07-19T01:14:47Z	2026-07-19T01:14:49Z	8b4bb1c350efef4b1abb0aff9674a8c3faa6321cc599e3629114672b63e0cbde	EA47:27C73D:2E250C:35FA7F:6A5C2507	"import org.apache.kafka.common.compress.Compression;" language:Java NOT repo:apache/kafka NOT is:fork
70	org.apache.kafka.common.compress.Compression	SCALA_EXACT_IMPORT_V1	scala_exact_import	956	false	100	22	2026-07-20T03:09:47Z	2026-07-20T03:09:49Z	da1578a5a5ad6af14082e89ba74f814118690a7581f2b5d6b99b63390e69d8c1	F819:368066:126E89A:157A39B:6A5D917C	"import org.apache.kafka.common.compress.Compression" language:Scala NOT repo:apache/kafka NOT is:fork
109	org.apache.kafka.common.memory.MemoryPool	JAVA_EXACT_IMPORT_V1	java_exact_import	1164	false	100	46	2026-07-19T01:16:44Z	2026-07-19T01:16:47Z	5fb0ac342dbed3429aeaf1d8df1d467319cecf7dcd6fbfc9a07118216d9e334c	EAE3:3307ED:294182:312117:6A5C257C	"import org.apache.kafka.common.memory.MemoryPool;" language:Java NOT repo:apache/kafka NOT is:fork
110	org.apache.kafka.common.memory.MemoryPool	SCALA_EXACT_IMPORT_V1	scala_exact_import	902	false	100	61	2026-07-20T03:13:57Z	2026-07-20T03:13:58Z	7f7de4b3b29200f22c933e7eb41f8f0d9c627e41f3fa48732381bde4cb296c7f	F8F4:DFF15:1282616:158ECD4:6A5D9276	"import org.apache.kafka.common.memory.MemoryPool" language:Scala NOT repo:apache/kafka NOT is:fork
365	org.apache.kafka.common.message.ApiMessageType	JAVA_EXACT_IMPORT_V1	java_exact_import	1142	false	100	46	2026-07-19T01:34:47Z	2026-07-19T01:34:48Z	6045f9e802ea616c1c67bd43a1bfe90090f8b0c7b0f00eda6f39e1db250bfab8	EF8B:2A39DD:2E6C10:36C92F:6A5C29B8	"import org.apache.kafka.common.message.ApiMessageType;" language:Java NOT repo:apache/kafka NOT is:fork
366	org.apache.kafka.common.message.ApiMessageType	SCALA_EXACT_IMPORT_V1	scala_exact_import	870	false	100	53	2026-07-20T03:41:09Z	2026-07-20T03:41:11Z	fc58f075aced871e6bec0f7a802a66b1dbd3200a00c00caad819723d556f5373	C059:32F942:13A690C:16BDC53:6A5D98D5	"import org.apache.kafka.common.message.ApiMessageType" language:Scala NOT repo:apache/kafka NOT is:fork
373	org.apache.kafka.common.message.ApiVersionsResponseData	JAVA_EXACT_IMPORT_V1	java_exact_import	1300	false	100	48	2026-07-19T01:35:40Z	2026-07-19T01:35:42Z	ce3c5cb0c65cb26afddadceb4bdaf793e12384a89ffb4f2eea61890a1192889e	EFBB:15D21A:2E34EA:369ECF:6A5C29EC	"import org.apache.kafka.common.message.ApiVersionsResponseData;" language:Java NOT repo:apache/kafka NOT is:fork
374	org.apache.kafka.common.message.ApiVersionsResponseData	SCALA_EXACT_IMPORT_V1	scala_exact_import	200	false	100	44	2026-07-20T03:42:10Z	2026-07-20T03:42:11Z	a603f8991d173ac8768efc9181f229640e4181ff5ff9c32ef437d5548be03b04	C08E:199698:12B809A:15D03A3:6A5D9912	"import org.apache.kafka.common.message.ApiVersionsResponseData" language:Scala NOT repo:apache/kafka NOT is:fork
611	org.apache.kafka.common.message.CreatePartitionsRequestData.CreatePartitionsTopic	JAVA_EXACT_IMPORT_V1	java_exact_import	676	false	100	53	2026-07-19T01:48:14Z	2026-07-19T01:48:16Z	0b987c989965999618d15749f45c2fbe4526bfef5d147c4c6900c47ffca3c1e7	F311:3DCCF9:31A930:3A5FD2:6A5C2CDE	"import org.apache.kafka.common.message.CreatePartitionsRequestData.CreatePartitionsTopic;" language:Java NOT repo:apache/kafka NOT is:fork
612	org.apache.kafka.common.message.CreatePartitionsRequestData.CreatePartitionsTopic	SCALA_EXACT_IMPORT_V1	scala_exact_import	450	false	100	48	2026-07-20T04:07:21Z	2026-07-20T04:07:23Z	e5314f6859bfab67870d5f52174dc4fc25734827ba57f4356e44f573c4dd5d5f	C716:29E318:1390C02:16B343F:6A5D9EFA	"import org.apache.kafka.common.message.CreatePartitionsRequestData.CreatePartitionsTopic" language:Scala NOT repo:apache/kafka NOT is:fork
629	org.apache.kafka.common.message.CreateTopicsRequestData	JAVA_EXACT_IMPORT_V1	java_exact_import	978	false	100	35	2026-07-19T01:49:15Z	2026-07-19T01:49:17Z	1129df330e8eadedf412c58f29a140d604512a04ee55b86369520e3b04d7e6bc	F33F:2A39DD:30D65C:3995D3:6A5C2D1B	"import org.apache.kafka.common.message.CreateTopicsRequestData;" language:Java NOT repo:apache/kafka NOT is:fork
630	org.apache.kafka.common.message.CreateTopicsRequestData	SCALA_EXACT_IMPORT_V1	scala_exact_import	882	false	100	55	2026-07-20T04:08:40Z	2026-07-20T04:08:42Z	7af027eacc7c65f969baad626eeb83b0b3c49d793fe3bf232cbbb8cade1a345b	C783:3EFC6D:13BBA10:16DFA93:6A5D9F48	"import org.apache.kafka.common.message.CreateTopicsRequestData" language:Scala NOT repo:apache/kafka NOT is:fork
635	org.apache.kafka.common.message.CreateTopicsRequestData.CreatableTopic	JAVA_EXACT_IMPORT_V1	java_exact_import	898	false	100	47	2026-07-19T01:49:22Z	2026-07-19T01:49:24Z	2bb8b559a69bb1c7b4fca478d397ecb42d3750a59f5795aa7e8a495939d1ce98	F34C:2DC818:2FD5EC:389687:6A5C2D23	"import org.apache.kafka.common.message.CreateTopicsRequestData.CreatableTopic;" language:Java NOT repo:apache/kafka NOT is:fork
636	org.apache.kafka.common.message.CreateTopicsRequestData.CreatableTopic	SCALA_EXACT_IMPORT_V1	scala_exact_import	361	false	100	48	2026-07-20T04:09:34Z	2026-07-20T04:09:35Z	f87a536981127c408af42b8b29dfb5bc0091bc2ab5fd442c3d9ca7138f9d2ee3	C823:3339BC:14353BF:1759F5B:6A5D9F7E	"import org.apache.kafka.common.message.CreateTopicsRequestData.CreatableTopic" language:Scala NOT repo:apache/kafka NOT is:fork
651	org.apache.kafka.common.message.CreateTopicsResponseData	JAVA_EXACT_IMPORT_V1	java_exact_import	968	false	100	46	2026-07-19T01:50:19Z	2026-07-19T01:50:20Z	4e5d5f5e5cbf7e0eb34f477f0fb7b5c17c68d6304e2f409a0d748c9549439349	F37E:1602E9:322F2B:3AF3B9:6A5C2D5B	"import org.apache.kafka.common.message.CreateTopicsResponseData;" language:Java NOT repo:apache/kafka NOT is:fork
652	org.apache.kafka.common.message.CreateTopicsResponseData	SCALA_EXACT_IMPORT_V1	scala_exact_import	310	false	100	50	2026-07-20T04:11:34Z	2026-07-20T04:11:35Z	6768a067a1e5a2a28dc80613f692273f17a6ea39ee162ce8f21744773badb845	C8FD:15D21A:13EA2B9:170F805:6A5D9FF6	"import org.apache.kafka.common.message.CreateTopicsResponseData" language:Scala NOT repo:apache/kafka NOT is:fork
1201	org.apache.kafka.common.message.FetchResponseData	JAVA_EXACT_IMPORT_V1	java_exact_import	1632	false	100	38	2026-07-19T02:18:48Z	2026-07-19T02:18:50Z	be46cc5e3426d4b96748f7b811d45a177b528d3fd0049177c58d7b17d79b361b	FB44:EAC25:38BB4A:42439D:6A5C3409	"import org.apache.kafka.common.message.FetchResponseData;" language:Java NOT repo:apache/kafka NOT is:fork
1202	org.apache.kafka.common.message.FetchResponseData	SCALA_EXACT_IMPORT_V1	scala_exact_import	498	false	100	43	2026-07-20T08:27:47Z	2026-07-20T08:27:49Z	bddbb53a81958ea803168fb60d69f3a100c6ba37df0fb3cde4bfc5a99a7f0b62	C258:20145F:17838BD:1B0EE99:6A5DDC03	"import org.apache.kafka.common.message.FetchResponseData" language:Scala NOT repo:apache/kafka NOT is:fork
1361	org.apache.kafka.common.message.JoinGroupRequestData	JAVA_EXACT_IMPORT_V1	java_exact_import	1226	false	100	52	2026-07-19T02:27:13Z	2026-07-19T02:27:17Z	0b221db997d898a5b9525d6ca2e71a1df77608e2014698c51c8c1c081cb47846	FE31:DFF15:348474:3E3F72:6A5C3601	"import org.apache.kafka.common.message.JoinGroupRequestData;" language:Java NOT repo:apache/kafka NOT is:fork
1362	org.apache.kafka.common.message.JoinGroupRequestData	SCALA_EXACT_IMPORT_V1	scala_exact_import	213	false	100	48	2026-07-20T08:44:36Z	2026-07-20T08:44:38Z	a7c63fb7f5062c5e7037ef15524c0bb2126928dfd5ffd7e9cf07f2d035adbb2e	C6CF:A2A4:16FC21D:1A8CF03:6A5DDFF5	"import org.apache.kafka.common.message.JoinGroupRequestData" language:Scala NOT repo:apache/kafka NOT is:fork
1371	org.apache.kafka.common.message.JoinGroupResponseData	JAVA_EXACT_IMPORT_V1	java_exact_import	1144	false	100	52	2026-07-19T02:28:14Z	2026-07-19T02:28:21Z	c33a5c3ae9d11731c32c83bd4b3bde9174b916e52e084ff0be71c47935d7ffa4	FE6D:20145F:362090:3FEA17:6A5C363E	"import org.apache.kafka.common.message.JoinGroupResponseData;" language:Java NOT repo:apache/kafka NOT is:fork
1372	org.apache.kafka.common.message.JoinGroupResponseData	SCALA_EXACT_IMPORT_V1	scala_exact_import	162	false	100	51	2026-07-20T08:45:39Z	2026-07-20T08:45:40Z	6cc838aee09173ae926eb908f4b34a77c398b692439794c742c48efd8b722e59	C714:20145F:17C6C7A:1B59179:6A5DE033	"import org.apache.kafka.common.message.JoinGroupResponseData" language:Scala NOT repo:apache/kafka NOT is:fork
1393	org.apache.kafka.common.message.LeaveGroupRequestData.MemberIdentity	JAVA_EXACT_IMPORT_V1	java_exact_import	804	false	100	45	2026-07-19T02:29:25Z	2026-07-19T02:29:29Z	3d2a76303247beb1cc55de7337f53d801f5fa221b9ae69f8640045212cf1f525	FEC3:1EC310:342137:3DEBDA:6A5C3685	"import org.apache.kafka.common.message.LeaveGroupRequestData.MemberIdentity;" language:Java NOT repo:apache/kafka NOT is:fork
1394	org.apache.kafka.common.message.LeaveGroupRequestData.MemberIdentity	SCALA_EXACT_IMPORT_V1	scala_exact_import	380	false	100	53	2026-07-20T08:47:49Z	2026-07-20T08:47:50Z	401d50b715baf8d0dcd41c12c2bd9d6702855cbae14f64c0d545592ca50deb16	C79F:1C161B:1808BE0:1B9B8D9:6A5DE0B5	"import org.apache.kafka.common.message.LeaveGroupRequestData.MemberIdentity" language:Scala NOT repo:apache/kafka NOT is:fork
1399	org.apache.kafka.common.message.LeaveGroupResponseData	JAVA_EXACT_IMPORT_V1	java_exact_import	962	false	100	49	2026-07-19T02:29:37Z	2026-07-19T02:29:40Z	529aa3b49e136a208fbf901e15f9b35ff345a304246254d97cba870e7824158a	FED5:3DCCF9:38CC34:429A1B:6A5C3691	"import org.apache.kafka.common.message.LeaveGroupResponseData;" language:Java NOT repo:apache/kafka NOT is:fork
1400	org.apache.kafka.common.message.LeaveGroupResponseData	SCALA_EXACT_IMPORT_V1	scala_exact_import	122	false	100	51	2026-07-20T08:48:45Z	2026-07-20T08:48:46Z	c8d01939596b56655e641c56c160832bce8367b9fce6d745fb90291a576fc55b	C7C5:2A39DD:17C4178:1B57414:6A5DE0ED	"import org.apache.kafka.common.message.LeaveGroupResponseData" language:Scala NOT repo:apache/kafka NOT is:fork
1443	org.apache.kafka.common.message.ListOffsetsResponseData	JAVA_EXACT_IMPORT_V1	java_exact_import	746	false	100	43	2026-07-19T02:31:31Z	2026-07-19T02:31:33Z	bf0039b389e5cef78300fd73f515cca9fb3cf9fef27a836a6c6e970b3e7fa5f6	FF3B:3DCCF9:391D60:42F83D:6A5C3703	"import org.apache.kafka.common.message.ListOffsetsResponseData;" language:Java NOT repo:apache/kafka NOT is:fork
1444	org.apache.kafka.common.message.ListOffsetsResponseData	SCALA_EXACT_IMPORT_V1	scala_exact_import	327	false	100	51	2026-07-20T08:53:03Z	2026-07-20T08:53:05Z	b1685d780780446c8bdfa2de79605f515c602cb999c14734f88aafc68e533545	C8D3:DFF15:176CCA3:1B00BF9:6A5DE1EF	"import org.apache.kafka.common.message.ListOffsetsResponseData" language:Scala NOT repo:apache/kafka NOT is:fork
1495	org.apache.kafka.common.message.MetadataResponseData	JAVA_EXACT_IMPORT_V1	java_exact_import	956	false	100	54	2026-07-19T02:34:41Z	2026-07-19T02:34:42Z	98cc13c057821065bdd7befd1f8fc83643975b4d13167604be67bac24d17e5d6	FFE3:29E318:37E056:41D050:6A5C37C1	"import org.apache.kafka.common.message.MetadataResponseData;" language:Java NOT repo:apache/kafka NOT is:fork
1496	org.apache.kafka.common.message.MetadataResponseData	SCALA_EXACT_IMPORT_V1	scala_exact_import	320	false	100	53	2026-07-20T08:58:23Z	2026-07-20T08:58:24Z	49a6d07c4b91a6aba338250cbdb0b7bcf8221c067baff7be6fbd1f43d1f8037b	CA69:3339BC:193BFC3:1CD3E9F:6A5DE32F	"import org.apache.kafka.common.message.MetadataResponseData" language:Scala NOT repo:apache/kafka NOT is:fork
1515	org.apache.kafka.common.message.OffsetCommitRequestData	JAVA_EXACT_IMPORT_V1	java_exact_import	1034	false	100	56	2026-07-19T02:35:34Z	2026-07-19T02:35:36Z	a5c91ed50b046e88ac256a33cf9621d36463cde2f0e5327f54f8a4dd80b8bafe	C011:1D830F:373877:413248:6A5C37F6	"import org.apache.kafka.common.message.OffsetCommitRequestData;" language:Java NOT repo:apache/kafka NOT is:fork
1516	org.apache.kafka.common.message.OffsetCommitRequestData	SCALA_EXACT_IMPORT_V1	scala_exact_import	12	false	12	5	2026-07-20T09:00:27Z	2026-07-20T09:00:27Z	d4431ad7b0e3920b53f3215fc69278491f0ad902e07b7db79d7dfabdabdd9658	CACE:20145F:17FCB24:1B94C7F:6A5DE3AB	"import org.apache.kafka.common.message.OffsetCommitRequestData" language:Scala NOT repo:apache/kafka NOT is:fork
1623	org.apache.kafka.common.message.OffsetForLeaderEpochResponseData	JAVA_EXACT_IMPORT_V1	java_exact_import	395	false	100	37	2026-07-19T02:40:57Z	2026-07-19T02:40:59Z	98ce8629c1d78c35ab4267a6225e5c551e8d640336d4c490cffb1b808f72355c	C1BC:20145F:3820EB:424036:6A5C393A	"import org.apache.kafka.common.message.OffsetForLeaderEpochResponseData;" language:Java NOT repo:apache/kafka NOT is:fork
1624	org.apache.kafka.common.message.OffsetForLeaderEpochResponseData	SCALA_EXACT_IMPORT_V1	scala_exact_import	1340	false	100	46	2026-07-20T09:11:59Z	2026-07-20T09:12:00Z	46515216b03e24820493cb1019119867e6ab467a0154732eae2b5cceb6503921	CDDE:1393B2:17B8890:1B5564E:6A5DE65F	"import org.apache.kafka.common.message.OffsetForLeaderEpochResponseData" language:Scala NOT repo:apache/kafka NOT is:fork
1625	org.apache.kafka.common.message.OffsetForLeaderEpochResponseData.EpochEndOffset	JAVA_EXACT_IMPORT_V1	java_exact_import	575	false	100	49	2026-07-19T02:41:45Z	2026-07-19T02:41:48Z	dbd79e67996e898b8b15fa36ee3872fb1054fbe1927df8bbee628002dac8cea4	C1D9:29E318:390407:4323AB:6A5C396A	"import org.apache.kafka.common.message.OffsetForLeaderEpochResponseData.EpochEndOffset;" language:Java NOT repo:apache/kafka NOT is:fork
1626	org.apache.kafka.common.message.OffsetForLeaderEpochResponseData.EpochEndOffset	SCALA_EXACT_IMPORT_V1	scala_exact_import	908	false	100	41	2026-07-20T09:12:03Z	2026-07-20T09:12:05Z	ab680c0652c2dfa10c01568ac839e1fade083f669aa76b741b7b0d84f4c1db5f	CDE3:1602E9:181F055:1BBA5C4:6A5DE664	"import org.apache.kafka.common.message.OffsetForLeaderEpochResponseData.EpochEndOffset" language:Scala NOT repo:apache/kafka NOT is:fork
1755	org.apache.kafka.common.message.RequestHeaderData	JAVA_EXACT_IMPORT_V1	java_exact_import	974	false	100	38	2026-07-19T02:48:15Z	2026-07-19T02:48:16Z	0f7dd44bff48e6371f2d9bb3dab0148bd989f79155cc9c103fe51ad20841fec4	C351:2D7762:3D0CBF:475C21:6A5C3AEF	"import org.apache.kafka.common.message.RequestHeaderData;" language:Java NOT repo:apache/kafka NOT is:fork
1756	org.apache.kafka.common.message.RequestHeaderData	SCALA_EXACT_IMPORT_V1	scala_exact_import	48	false	48	19	2026-07-20T09:25:41Z	2026-07-20T09:25:42Z	9ddd89c346a3a772aec2c88a5782c5cc7474b5fd88d8315f2dc6516b2ff74690	D20A:EAC25:18EAC19:1C8C756:6A5DE996	"import org.apache.kafka.common.message.RequestHeaderData" language:Scala NOT repo:apache/kafka NOT is:fork
2291	org.apache.kafka.common.network.ListenerName	JAVA_EXACT_IMPORT_V1	java_exact_import	1504	false	100	63	2026-07-19T03:16:40Z	2026-07-19T03:16:42Z	321fa1decaeb856c4ff00794bcc65d27ed1a382038d796c14ac9098a456f0259	CB35:2DC818:3E6C88:497987:6A5C4198	"import org.apache.kafka.common.network.ListenerName;" language:Java NOT repo:apache/kafka NOT is:fork
2292	org.apache.kafka.common.network.ListenerName	SCALA_EXACT_IMPORT_V1	scala_exact_import	1484	false	100	59	2026-07-20T10:35:09Z	2026-07-20T10:35:11Z	79a7acd5e36ec04134c44e67ee2701da518098c0ca1cea92919cfaaab5775f6c	E38D:1EC310:1886A49:1C431D1:6A5DF9DD	"import org.apache.kafka.common.network.ListenerName" language:Scala NOT repo:apache/kafka NOT is:fork
2313	org.apache.kafka.common.network.Send	JAVA_EXACT_IMPORT_V1	java_exact_import	1144	false	100	64	2026-07-19T03:17:47Z	2026-07-19T03:17:48Z	97bc270ab4d802635399ca0f4b2496c26a0857f54ffab6cb781ef9d60fe36527	CB78:27C73D:4379C4:4E8E7B:6A5C41DB	"import org.apache.kafka.common.network.Send;" language:Java NOT repo:apache/kafka NOT is:fork
2314	org.apache.kafka.common.network.Send	SCALA_EXACT_IMPORT_V1	scala_exact_import	181	false	100	69	2026-07-20T10:37:18Z	2026-07-20T10:37:20Z	318792c06daaabb9589789ddbea7cc349689a4643588e68bac3a2e08d2318406	E3F4:20145F:194248F:1D01150:6A5DFA5F	"import org.apache.kafka.common.network.Send" language:Scala NOT repo:apache/kafka NOT is:fork
2325	org.apache.kafka.common.protocol.ApiKeys	JAVA_EXACT_IMPORT_V1	java_exact_import	1812	false	100	56	2026-07-19T03:18:41Z	2026-07-19T03:18:43Z	808434087bd03b6935dcf47869b32cf4645ce3bb542b55fd8819723689c8f6a8	CB9E:2E613:3FFC34:4B19E2:6A5C4211	"import org.apache.kafka.common.protocol.ApiKeys;" language:Java NOT repo:apache/kafka NOT is:fork
2326	org.apache.kafka.common.protocol.ApiKeys	SCALA_EXACT_IMPORT_V1	scala_exact_import	1284	false	100	61	2026-07-20T10:39:10Z	2026-07-20T10:39:12Z	64f84cefd6f2c093023e48631bf74726262411ccc2e436655ded5f2ac558bd90	E44C:E6377:194940C:1D082ED:6A5DFACF	"import org.apache.kafka.common.protocol.ApiKeys" language:Scala NOT repo:apache/kafka NOT is:fork
2327	org.apache.kafka.common.protocol.ApiMessage	JAVA_EXACT_IMPORT_V1	java_exact_import	1520	false	100	45	2026-07-19T03:18:44Z	2026-07-19T03:18:46Z	fe31e3175376337c22209564631eaf83f902efe969452f2e17e9dbdb53ce33c5	CBA4:1C161B:3DD9BF:48F157:6A5C4214	"import org.apache.kafka.common.protocol.ApiMessage;" language:Java NOT repo:apache/kafka NOT is:fork
2328	org.apache.kafka.common.protocol.ApiMessage	SCALA_EXACT_IMPORT_V1	scala_exact_import	106	false	100	57	2026-07-20T10:39:15Z	2026-07-20T10:39:17Z	73a632ac7666c577990ce434deead1182c59890d418bc98550af8be9547ee235	E454:DFF15:18EF068:1CAD546:6A5DFAD3	"import org.apache.kafka.common.protocol.ApiMessage" language:Scala NOT repo:apache/kafka NOT is:fork
2329	org.apache.kafka.common.protocol.ByteBufferAccessor	JAVA_EXACT_IMPORT_V1	java_exact_import	1488	false	100	31	2026-07-19T03:18:46Z	2026-07-19T03:18:49Z	7c46be3be7b4aca623b85804cc9ea8ba254f89660cb0db58e20261126b4272cb	CBA6:A2A4:3C6900:477F3B:6A5C4217	"import org.apache.kafka.common.protocol.ByteBufferAccessor;" language:Java NOT repo:apache/kafka NOT is:fork
2330	org.apache.kafka.common.protocol.ByteBufferAccessor	SCALA_EXACT_IMPORT_V1	scala_exact_import	59	false	59	35	2026-07-20T10:39:20Z	2026-07-20T10:39:21Z	f41cb1459d4cb4d112de1f9b7b0364551cbca8598af7264424eadfa78f1c9096	E45B:2DC818:192FE3E:1CEEFFB:6A5DFAD8	"import org.apache.kafka.common.protocol.ByteBufferAccessor" language:Scala NOT repo:apache/kafka NOT is:fork
2333	org.apache.kafka.common.protocol.Errors	JAVA_EXACT_IMPORT_V1	java_exact_import	1720	false	100	55	2026-07-19T03:18:51Z	2026-07-19T03:18:54Z	e9a3a3fc9b8cb43edd8b5286de40afaafa209f1171010ab6525797c7ea5658fb	CBAD:E6377:3EC74D:49E196:6A5C421C	"import org.apache.kafka.common.protocol.Errors;" language:Java NOT repo:apache/kafka NOT is:fork
2334	org.apache.kafka.common.protocol.Errors	SCALA_EXACT_IMPORT_V1	scala_exact_import	1504	false	100	66	2026-07-20T10:39:27Z	2026-07-20T10:39:29Z	7f0f4b8d030e744362265a4613fd1a5485fe6182b57dd8c83614b00d6f17dd11	E470:339EF2:19027BC:1CC2707:6A5DFAE0	"import org.apache.kafka.common.protocol.Errors" language:Scala NOT repo:apache/kafka NOT is:fork
2339	org.apache.kafka.common.protocol.MessageUtil	JAVA_EXACT_IMPORT_V1	java_exact_import	1124	false	100	30	2026-07-19T03:19:00Z	2026-07-19T03:19:01Z	def0794397ff93657e8345f8ccd4e5455e417a4139b9b3c5343ed26a320ea791	CBB7:3DCCF9:4147D8:4C6293:6A5C4224	"import org.apache.kafka.common.protocol.MessageUtil;" language:Java NOT repo:apache/kafka NOT is:fork
2340	org.apache.kafka.common.protocol.MessageUtil	SCALA_EXACT_IMPORT_V1	scala_exact_import	75	false	75	45	2026-07-20T10:40:20Z	2026-07-20T10:40:22Z	cade62ff9b061b56db21cca23849958ed7ef5190fd96569d4a98ad0f6c8f06a3	E4F7:339EF2:1905213:1CC5732:6A5DFB15	"import org.apache.kafka.common.protocol.MessageUtil" language:Scala NOT repo:apache/kafka NOT is:fork
2341	org.apache.kafka.common.protocol.ObjectSerializationCache	JAVA_EXACT_IMPORT_V1	java_exact_import	1268	false	100	34	2026-07-19T03:19:02Z	2026-07-19T03:19:03Z	358da6536d16b304449ff7ed6080ce36c8a44a283e9ab578f114ee0a2d7cbc68	CBB9:2E613:400B3B:4B2B3A:6A5C4226	"import org.apache.kafka.common.protocol.ObjectSerializationCache;" language:Java NOT repo:apache/kafka NOT is:fork
2342	org.apache.kafka.common.protocol.ObjectSerializationCache	SCALA_EXACT_IMPORT_V1	scala_exact_import	0	false	0	0	2026-07-20T10:40:25Z	2026-07-20T10:40:25Z	08c082fdf7ca87ba911a2aabb0f0cf2d3e482a6feeaac9713e4578c20b2600b2	E501:2485C3:19B1A54:1D70C3E:6A5DFB19	"import org.apache.kafka.common.protocol.ObjectSerializationCache" language:Scala NOT repo:apache/kafka NOT is:fork
2345	org.apache.kafka.common.protocol.Readable	JAVA_EXACT_IMPORT_V1	java_exact_import	1444	false	100	21	2026-07-19T03:19:43Z	2026-07-19T03:19:47Z	d7c98680d44221b3763506ec21482c334f420e48db0692039a642139a2a4f462	CBD0:DFF15:3D41FB:485E83:6A5C4250	"import org.apache.kafka.common.protocol.Readable;" language:Java NOT repo:apache/kafka NOT is:fork
2346	org.apache.kafka.common.protocol.Readable	SCALA_EXACT_IMPORT_V1	scala_exact_import	0	false	0	0	2026-07-20T10:41:16Z	2026-07-20T10:41:17Z	08c082fdf7ca87ba911a2aabb0f0cf2d3e482a6feeaac9713e4578c20b2600b2	E51F:27C73D:19363FD:1CF66FD:6A5DFB4C	"import org.apache.kafka.common.protocol.Readable" language:Scala NOT repo:apache/kafka NOT is:fork
2349	org.apache.kafka.common.protocol.Writable	JAVA_EXACT_IMPORT_V1	java_exact_import	1254	false	100	22	2026-07-19T03:19:50Z	2026-07-19T03:19:51Z	9fab6e1c8af7cbdc3bbc1aa12bc7d9d69a57f914c0b5c35a4e2c2f37a9565f9e	CBD6:20145F:3E7E2B:49A29B:6A5C4257	"import org.apache.kafka.common.protocol.Writable;" language:Java NOT repo:apache/kafka NOT is:fork
2350	org.apache.kafka.common.protocol.Writable	SCALA_EXACT_IMPORT_V1	scala_exact_import	0	false	0	0	2026-07-20T10:41:22Z	2026-07-20T10:41:23Z	08c082fdf7ca87ba911a2aabb0f0cf2d3e482a6feeaac9713e4578c20b2600b2	E52A:2E613:1948686:1D0936B:6A5DFB52	"import org.apache.kafka.common.protocol.Writable" language:Scala NOT repo:apache/kafka NOT is:fork
2351	org.apache.kafka.common.protocol.types.ArrayOf	JAVA_EXACT_IMPORT_V1	java_exact_import	1236	false	100	27	2026-07-19T03:19:52Z	2026-07-19T03:19:54Z	b3b058c5f8d4a34983c6786559654a15fa33b880b8e95e2c49bce0dc4a536c86	CBDC:A2A4:3C98DF:47B667:6A5C4258	"import org.apache.kafka.common.protocol.types.ArrayOf;" language:Java NOT repo:apache/kafka NOT is:fork
2352	org.apache.kafka.common.protocol.types.ArrayOf	SCALA_EXACT_IMPORT_V1	scala_exact_import	0	false	0	0	2026-07-20T10:41:25Z	2026-07-20T10:41:26Z	08c082fdf7ca87ba911a2aabb0f0cf2d3e482a6feeaac9713e4578c20b2600b2	E52F:3EFC6D:19A1AFA:1D62AD9:6A5DFB56	"import org.apache.kafka.common.protocol.types.ArrayOf" language:Scala NOT repo:apache/kafka NOT is:fork
2357	org.apache.kafka.common.protocol.types.Field	JAVA_EXACT_IMPORT_V1	java_exact_import	1256	false	100	71	2026-07-19T03:19:59Z	2026-07-19T03:20:01Z	e0ee05d0b627ef291baf0002dd50910825e62b4d35e8bd3bf0aa38d47b8d4d42	CBE4:27C73D:43DA0A:4EFD96:6A5C425F	"import org.apache.kafka.common.protocol.types.Field;" language:Java NOT repo:apache/kafka NOT is:fork
2358	org.apache.kafka.common.protocol.types.Field	SCALA_EXACT_IMPORT_V1	scala_exact_import	55	false	55	28	2026-07-20T10:42:22Z	2026-07-20T10:42:23Z	b626ae08eb7599168dc40bf4d15229075a5f53af0f2b30a553fc7292b88128f2	E563:2DC818:1939B40:1CFA11E:6A5DFB8E	"import org.apache.kafka.common.protocol.types.Field" language:Scala NOT repo:apache/kafka NOT is:fork
2363	org.apache.kafka.common.protocol.types.RawTaggedField	JAVA_EXACT_IMPORT_V1	java_exact_import	1220	false	100	18	2026-07-19T03:20:04Z	2026-07-19T03:20:07Z	eda1e94a2e8bd4f5235ceb9843a5e59805b418c03336890a2a510cb1c1cfc1eb	CBEA:1532A1:3F09E6:4A2AEB:6A5C4264	"import org.apache.kafka.common.protocol.types.RawTaggedField;" language:Java NOT repo:apache/kafka NOT is:fork
2364	org.apache.kafka.common.protocol.types.RawTaggedField	SCALA_EXACT_IMPORT_V1	scala_exact_import	0	false	0	0	2026-07-20T10:42:31Z	2026-07-20T10:42:32Z	08c082fdf7ca87ba911a2aabb0f0cf2d3e482a6feeaac9713e4578c20b2600b2	E571:2A39DD:195AB48:1D1B63C:6A5DFB98	"import org.apache.kafka.common.protocol.types.RawTaggedField" language:Scala NOT repo:apache/kafka NOT is:fork
2367	org.apache.kafka.common.protocol.types.Schema	JAVA_EXACT_IMPORT_V1	java_exact_import	1280	false	100	42	2026-07-19T03:20:48Z	2026-07-19T03:20:50Z	2f5dc4a507729d545fedec1b364a38b4c73f6510a0f9810bbda5d1f4125fec1e	CC08:29E318:3FB0E9:4AD723:6A5C4290	"import org.apache.kafka.common.protocol.types.Schema;" language:Java NOT repo:apache/kafka NOT is:fork
2368	org.apache.kafka.common.protocol.types.Schema	SCALA_EXACT_IMPORT_V1	scala_exact_import	92	false	92	86	2026-07-20T10:43:25Z	2026-07-20T10:43:26Z	c668b6142f9ceb414d47e4260f3fc45ff5e3d9896557b37748e1ffdcf3b699b4	E591:1532A1:1990369:1D510F7:6A5DFBCD	"import org.apache.kafka.common.protocol.types.Schema" language:Scala NOT repo:apache/kafka NOT is:fork
2373	org.apache.kafka.common.protocol.types.Struct	JAVA_EXACT_IMPORT_V1	java_exact_import	1256	false	100	38	2026-07-19T03:20:54Z	2026-07-19T03:20:55Z	1c84587dfd4b2ad799fe1adfd184bdbcd8bd15ef6a8b164bde84ef9ab3ed3565	CC12:2D7762:430ACB:4E3616:6A5C4296	"import org.apache.kafka.common.protocol.types.Struct;" language:Java NOT repo:apache/kafka NOT is:fork
2374	org.apache.kafka.common.protocol.types.Struct	SCALA_EXACT_IMPORT_V1	scala_exact_import	140	false	100	57	2026-07-20T10:43:36Z	2026-07-20T10:43:38Z	b9e821e7f0b607ae84f38ef2bce16c6fb1f8526cc758cc1482e82f7727aa463f	E59F:3339BC:1AF7C33:1EB9E20:6A5DFBD9	"import org.apache.kafka.common.protocol.types.Struct" language:Scala NOT repo:apache/kafka NOT is:fork
2377	org.apache.kafka.common.protocol.types.Type	JAVA_EXACT_IMPORT_V1	java_exact_import	1360	false	100	38	2026-07-19T03:20:57Z	2026-07-19T03:20:59Z	c1ea0c3d26d88cc41e822180aaabfb16f8f886dfa50621c04b30ccef0b515c8a	CC18:368066:3DE0CA:490B29:6A5C429A	"import org.apache.kafka.common.protocol.types.Type;" language:Java NOT repo:apache/kafka NOT is:fork
2378	org.apache.kafka.common.protocol.types.Type	SCALA_EXACT_IMPORT_V1	scala_exact_import	169	false	100	59	2026-07-20T10:44:28Z	2026-07-20T10:44:30Z	4db39a12db3f949a51a5909a383addc21e876311ffe7e35b6dd0c52d83c172aa	E5C9:339EF2:1911D19:1CD3DC6:6A5DFC0C	"import org.apache.kafka.common.protocol.types.Type" language:Scala NOT repo:apache/kafka NOT is:fork
2397	org.apache.kafka.common.requests.AbstractRequest	JAVA_EXACT_IMPORT_V1	java_exact_import	1328	false	100	58	2026-07-19T03:21:58Z	2026-07-19T03:22:00Z	debd921fb34dd1257b7dca099f9ab2c686054a2952c7a1349013eb78944a6742	CC4B:2A39DD:4037BA:4B688F:6A5C42D6	"import org.apache.kafka.common.requests.AbstractRequest;" language:Java NOT repo:apache/kafka NOT is:fork
2398	org.apache.kafka.common.requests.AbstractRequest	SCALA_EXACT_IMPORT_V1	scala_exact_import	416	false	100	54	2026-07-20T10:46:34Z	2026-07-20T10:46:36Z	efbc87dce9d7290aa08ca600cf837a019a1aba7a4eb7d470f6c22b5f975cea3c	E630:3DCCF9:1965765:1D2757C:6A5DFC8B	"import org.apache.kafka.common.requests.AbstractRequest" language:Scala NOT repo:apache/kafka NOT is:fork
2403	org.apache.kafka.common.requests.AbstractResponse	JAVA_EXACT_IMPORT_V1	java_exact_import	1192	false	100	56	2026-07-19T03:22:04Z	2026-07-19T03:22:06Z	ded27500b2915c1fcc49604894ffbd1fb699b86cf519f15b86957f9fcfa755cc	CC51:DFF15:3DA7E3:48D41C:6A5C42DD	"import org.apache.kafka.common.requests.AbstractResponse;" language:Java NOT repo:apache/kafka NOT is:fork
2404	org.apache.kafka.common.requests.AbstractResponse	SCALA_EXACT_IMPORT_V1	scala_exact_import	55	false	55	45	2026-07-20T10:46:47Z	2026-07-20T10:46:48Z	5360bab29d2a5a72fc9b29c31ae0c00302c359e80b503af41244de7ffa752cd3	E643:2A39DD:1969028:1D2B728:6A5DFC97	"import org.apache.kafka.common.requests.AbstractResponse" language:Scala NOT repo:apache/kafka NOT is:fork
2477	org.apache.kafka.common.requests.ApiError	JAVA_EXACT_IMPORT_V1	java_exact_import	1396	false	100	47	2026-07-19T03:26:13Z	2026-07-19T03:26:14Z	ff2e46023c0abab810921ba52ecb258aac746e091888b2e7cdf55f076a7fc0f1	CD85:2485C3:4268E2:4DB0A8:6A5C43D5	"import org.apache.kafka.common.requests.ApiError;" language:Java NOT repo:apache/kafka NOT is:fork
2478	org.apache.kafka.common.requests.ApiError	SCALA_EXACT_IMPORT_V1	scala_exact_import	180	false	100	40	2026-07-20T10:54:59Z	2026-07-20T10:55:01Z	51fa3ff433ee94a25b6b97599e27ada4cb2471794527ec33cfb4378b5d755cb3	E84E:EAC25:1A1ED5A:1DE4B2D:6A5DFE83	"import org.apache.kafka.common.requests.ApiError" language:Scala NOT repo:apache/kafka NOT is:fork
2483	org.apache.kafka.common.requests.ApiVersionsResponse	JAVA_EXACT_IMPORT_V1	java_exact_import	1328	false	100	61	2026-07-19T03:26:18Z	2026-07-19T03:26:20Z	9e4ae62028082d60758ce95e1a7b0dbb136a43cbd5e0b824716beb1e5f1bd1f4	CD8C:368066:3EC905:4A170D:6A5C43DB	"import org.apache.kafka.common.requests.ApiVersionsResponse;" language:Java NOT repo:apache/kafka NOT is:fork
2484	org.apache.kafka.common.requests.ApiVersionsResponse	SCALA_EXACT_IMPORT_V1	scala_exact_import	164	false	100	53	2026-07-20T10:55:12Z	2026-07-20T10:55:15Z	8b36288a6005a1630bf80509634bf55ed4fdce36be7a4bc693ecfa7d6e90bc74	E863:1C161B:19DC0C2:1DA1F0A:6A5DFE91	"import org.apache.kafka.common.requests.ApiVersionsResponse" language:Scala NOT repo:apache/kafka NOT is:fork
2711	org.apache.kafka.common.requests.FetchRequest	JAVA_EXACT_IMPORT_V1	java_exact_import	1092	false	100	37	2026-07-19T03:38:44Z	2026-07-19T03:38:45Z	5384ead88ac32aea42bdca915cd8691ae98bf3850ca713f1cb38f01593162a63	D008:1602E9:454AA1:50E7D2:6A5C46C4	"import org.apache.kafka.common.requests.FetchRequest;" language:Java NOT repo:apache/kafka NOT is:fork
2712	org.apache.kafka.common.requests.FetchRequest	SCALA_EXACT_IMPORT_V1	scala_exact_import	1090	false	100	53	2026-07-20T11:26:13Z	2026-07-20T11:26:15Z	5986a66cbdd088ba362a24fbb0ead2a3dfc6310b961dc7b5ffe69039265e71fa	F127:3339BC:1B9AB55:1F6E836:6A5E05D6	"import org.apache.kafka.common.requests.FetchRequest" language:Scala NOT repo:apache/kafka NOT is:fork
2719	org.apache.kafka.common.requests.FetchResponse	JAVA_EXACT_IMPORT_V1	java_exact_import	1318	false	100	63	2026-07-19T03:38:50Z	2026-07-19T03:38:52Z	bf098420298eea88229a290859ca65420042def52bf4e3913d5201a5df66efa7	D013:3307ED:40D1F4:4C70F7:6A5C46CB	"import org.apache.kafka.common.requests.FetchResponse;" language:Java NOT repo:apache/kafka NOT is:fork
2720	org.apache.kafka.common.requests.FetchResponse	SCALA_EXACT_IMPORT_V1	scala_exact_import	361	false	100	49	2026-07-20T11:27:14Z	2026-07-20T11:27:15Z	87c59f3f78e023ad9f3a2783baae1ffc5c4036e3ef23e2a784ab695ed80ae8fb	F162:2D7762:1A1C1FE:1DF008D:6A5E0612	"import org.apache.kafka.common.requests.FetchResponse" language:Scala NOT repo:apache/kafka NOT is:fork
2727	org.apache.kafka.common.requests.FindCoordinatorRequest	JAVA_EXACT_IMPORT_V1	java_exact_import	1302	false	100	50	2026-07-19T03:39:44Z	2026-07-19T03:39:50Z	78f65657ee9dbd02739af549f9853b4c3486a1195ae14e24b70b065c9dce61bf	D0A4:368066:410C00:4CB3CA:6A5C4700	"import org.apache.kafka.common.requests.FindCoordinatorRequest;" language:Java NOT repo:apache/kafka NOT is:fork
2728	org.apache.kafka.common.requests.FindCoordinatorRequest	SCALA_EXACT_IMPORT_V1	scala_exact_import	183	false	100	45	2026-07-20T11:28:13Z	2026-07-20T11:28:14Z	0f6c72e2ec5d87b137a10576637d3aba6a1fb751ed5e6dfbebb5a0d16fbfe587	F194:3307ED:19A281E:1D757BE:6A5E064D	"import org.apache.kafka.common.requests.FindCoordinatorRequest" language:Scala NOT repo:apache/kafka NOT is:fork
2731	org.apache.kafka.common.requests.FindCoordinatorRequest.CoordinatorType	JAVA_EXACT_IMPORT_V1	java_exact_import	1120	false	100	52	2026-07-19T03:39:51Z	2026-07-19T03:39:53Z	7205222e7b5cbb3da9aa035e46e778018c4221bbfce7ca66c68c105abe557a4c	D0A8:339EF2:436A05:4F1434:6A5C4708	"import org.apache.kafka.common.requests.FindCoordinatorRequest.CoordinatorType;" language:Java NOT repo:apache/kafka NOT is:fork
2732	org.apache.kafka.common.requests.FindCoordinatorRequest.CoordinatorType	SCALA_EXACT_IMPORT_V1	scala_exact_import	183	false	100	45	2026-07-20T11:28:20Z	2026-07-20T11:28:21Z	0f6c72e2ec5d87b137a10576637d3aba6a1fb751ed5e6dfbebb5a0d16fbfe587	F19E:368066:1993236:1D6700B:6A5E0654	"import org.apache.kafka.common.requests.FindCoordinatorRequest.CoordinatorType" language:Scala NOT repo:apache/kafka NOT is:fork
2735	org.apache.kafka.common.requests.FindCoordinatorResponse	JAVA_EXACT_IMPORT_V1	java_exact_import	1300	false	100	57	2026-07-19T03:39:56Z	2026-07-19T03:39:58Z	326a1a52abff681a946888e59f3008441541baad197c335f4e6004278c97c9ef	D0B0:3EFC6D:43673F:4F11D0:6A5C470D	"import org.apache.kafka.common.requests.FindCoordinatorResponse;" language:Java NOT repo:apache/kafka NOT is:fork
2736	org.apache.kafka.common.requests.FindCoordinatorResponse	SCALA_EXACT_IMPORT_V1	scala_exact_import	0	false	0	0	2026-07-20T11:29:13Z	2026-07-20T11:29:14Z	08c082fdf7ca87ba911a2aabb0f0cf2d3e482a6feeaac9713e4578c20b2600b2	F1BE:3DCCF9:19EB079:1DBEA82:6A5E068A	"import org.apache.kafka.common.requests.FindCoordinatorResponse" language:Scala NOT repo:apache/kafka NOT is:fork
2767	org.apache.kafka.common.requests.JoinGroupRequest	JAVA_EXACT_IMPORT_V1	java_exact_import	1060	false	100	67	2026-07-19T03:41:50Z	2026-07-19T03:41:53Z	0ebf712c6b34ddfc7b5f0a334b3b10d18a0e098a90bdcde0898812ee270cc53e	D113:20145F:421666:4DCE75:6A5C477E	"import org.apache.kafka.common.requests.JoinGroupRequest;" language:Java NOT repo:apache/kafka NOT is:fork
2768	org.apache.kafka.common.requests.JoinGroupRequest	SCALA_EXACT_IMPORT_V1	scala_exact_import	97	false	97	59	2026-07-20T11:32:25Z	2026-07-20T11:32:26Z	d81ded8c426186fdd720c1b28657908fa46b65b5ca05be3cf2b2165f2cea160e	F2BD:27C73D:19DAE57:1DB057A:6A5E0749	"import org.apache.kafka.common.requests.JoinGroupRequest" language:Scala NOT repo:apache/kafka NOT is:fork
2791	org.apache.kafka.common.requests.ListOffsetsRequest	JAVA_EXACT_IMPORT_V1	java_exact_import	1156	false	100	37	2026-07-19T03:42:58Z	2026-07-19T03:43:00Z	4d61c20eaec2169f855b4e70db375a2bb0ba8cabf63726e42263602d4f24417d	D14F:A2A4:405760:4C0FC5:6A5C47C2	"import org.apache.kafka.common.requests.ListOffsetsRequest;" language:Java NOT repo:apache/kafka NOT is:fork
2792	org.apache.kafka.common.requests.ListOffsetsRequest	SCALA_EXACT_IMPORT_V1	scala_exact_import	115	false	100	44	2026-07-20T11:34:38Z	2026-07-20T11:34:39Z	7535946519a268dce5b81b72b8ba01d0afc5a3d126bd6563e93baa3448f8a5b4	F34F:1C161B:1A57DBA:1E2E221:6A5E07CE	"import org.apache.kafka.common.requests.ListOffsetsRequest" language:Scala NOT repo:apache/kafka NOT is:fork
2795	org.apache.kafka.common.requests.ListOffsetsResponse	JAVA_EXACT_IMPORT_V1	java_exact_import	996	false	100	41	2026-07-19T03:43:01Z	2026-07-19T03:43:03Z	cd58d0d152c4f5a334e4b04e6301f64fc904b5346fe133ff82bed3258a5c1f8b	D155:2D7762:46F6D5:52B719:6A5C47C6	"import org.apache.kafka.common.requests.ListOffsetsResponse;" language:Java NOT repo:apache/kafka NOT is:fork
2796	org.apache.kafka.common.requests.ListOffsetsResponse	SCALA_EXACT_IMPORT_V1	scala_exact_import	89	false	89	47	2026-07-20T11:35:31Z	2026-07-20T11:35:32Z	a91dea14cc0158509c13cecd48556759b26c6a9ca01501518df3d1049db3a0d2	F380:1D830F:197A6D2:1D51C3E:6A5E0803	"import org.apache.kafka.common.requests.ListOffsetsResponse" language:Scala NOT repo:apache/kafka NOT is:fork
2809	org.apache.kafka.common.requests.MetadataRequest	JAVA_EXACT_IMPORT_V1	java_exact_import	1400	false	100	59	2026-07-19T03:43:59Z	2026-07-19T03:44:02Z	62c7e643f6915d53a3acb5a7f12302122c1e7a1c0b35a09012f0a0e25b6393a7	D183:1C161B:421153:4DD23E:6A5C47FF	"import org.apache.kafka.common.requests.MetadataRequest;" language:Java NOT repo:apache/kafka NOT is:fork
2810	org.apache.kafka.common.requests.MetadataRequest	SCALA_EXACT_IMPORT_V1	scala_exact_import	120	false	100	51	2026-07-20T11:36:40Z	2026-07-20T11:36:41Z	cfbaa2eb0c0c99fd133318d68d394e48f2eaa55ebe7d0673cca8009c78e0b738	F3EB:2E613:19F87ED:1DD0496:6A5E0849	"import org.apache.kafka.common.requests.MetadataRequest" language:Scala NOT repo:apache/kafka NOT is:fork
2813	org.apache.kafka.common.requests.MetadataResponse	JAVA_EXACT_IMPORT_V1	java_exact_import	1396	false	100	60	2026-07-19T03:44:04Z	2026-07-19T03:44:05Z	92ae4e1dcfb07eaa97f766bab1937e7e924976ef2a40b15b695a8bd9a32b5cf0	D187:3307ED:41A6FF:4D691B:6A5C4804	"import org.apache.kafka.common.requests.MetadataResponse;" language:Java NOT repo:apache/kafka NOT is:fork
2814	org.apache.kafka.common.requests.MetadataResponse	SCALA_EXACT_IMPORT_V1	scala_exact_import	202	false	100	59	2026-07-20T11:36:48Z	2026-07-20T11:36:49Z	8238a21c9e15d37fa72c4c16977f32e595dca2f7887c32d547bd5a74e22912bc	F3F6:15D21A:1A29C22:1E019E6:6A5E0850	"import org.apache.kafka.common.requests.MetadataResponse" language:Scala NOT repo:apache/kafka NOT is:fork
2819	org.apache.kafka.common.requests.OffsetCommitRequest	JAVA_EXACT_IMPORT_V1	java_exact_import	1026	false	100	57	2026-07-19T03:44:10Z	2026-07-19T03:44:12Z	14811533fa13dacc1bcb76f0b1a1fddfe0ba90c3dcdd51bfb3f630af11de9175	D193:1532A1:43231A:4EE5E2:6A5C480A	"import org.apache.kafka.common.requests.OffsetCommitRequest;" language:Java NOT repo:apache/kafka NOT is:fork
2820	org.apache.kafka.common.requests.OffsetCommitRequest	SCALA_EXACT_IMPORT_V1	scala_exact_import	0	false	0	0	2026-07-20T11:37:46Z	2026-07-20T11:37:46Z	08c082fdf7ca87ba911a2aabb0f0cf2d3e482a6feeaac9713e4578c20b2600b2	F433:339EF2:19AFBD8:1D87EAA:6A5E088A	"import org.apache.kafka.common.requests.OffsetCommitRequest" language:Scala NOT repo:apache/kafka NOT is:fork
2845	org.apache.kafka.common.requests.OffsetFetchResponse	JAVA_EXACT_IMPORT_V1	java_exact_import	988	false	100	61	2026-07-19T03:46:01Z	2026-07-19T03:46:04Z	73807341092eb0a08c6ffc62b7af5587a33bbb58153668f16c1e33cf43cf205e	D1DD:E6377:435499:4F25CC:6A5C487A	"import org.apache.kafka.common.requests.OffsetFetchResponse;" language:Java NOT repo:apache/kafka NOT is:fork
2846	org.apache.kafka.common.requests.OffsetFetchResponse	SCALA_EXACT_IMPORT_V1	scala_exact_import	278	false	100	76	2026-07-20T11:40:46Z	2026-07-20T11:40:47Z	360b65bc0230588353836f02046f1dfad0de3faaeaf71cd940e5ab3b6e3dd58d	F570:DFF15:19AF379:1D870BB:6A5E093E	"import org.apache.kafka.common.requests.OffsetFetchResponse" language:Scala NOT repo:apache/kafka NOT is:fork
2853	org.apache.kafka.common.requests.OffsetsForLeaderEpochResponse	JAVA_EXACT_IMPORT_V1	java_exact_import	443	false	100	50	2026-07-19T03:46:09Z	2026-07-19T03:46:11Z	d1d265a01252f5ecface0a69d4fe217aff9469974c6c2c001c558e458bfc8d13	D1EC:2DC818:43680B:4F3B02:6A5C4881	"import org.apache.kafka.common.requests.OffsetsForLeaderEpochResponse;" language:Java NOT repo:apache/kafka NOT is:fork
2854	org.apache.kafka.common.requests.OffsetsForLeaderEpochResponse	SCALA_EXACT_IMPORT_V1	scala_exact_import	670	false	100	49	2026-07-20T11:41:00Z	2026-07-20T11:41:01Z	24b14529e13e755e741cd12057ae1d4ffd5e15b6b98591b29641215af9979c72	F593:29E318:19D2D23:1DAB58F:6A5E094C	"import org.apache.kafka.common.requests.OffsetsForLeaderEpochResponse" language:Scala NOT repo:apache/kafka NOT is:fork
2859	org.apache.kafka.common.requests.ProduceResponse	JAVA_EXACT_IMPORT_V1	java_exact_import	1166	false	100	48	2026-07-19T03:46:15Z	2026-07-19T03:46:16Z	e74d84af8e86bc9f0e967c771143ada9d0c138c7bed1470759501723652e8659	D1F2:3339BC:452AA8:510135:6A5C4887	"import org.apache.kafka.common.requests.ProduceResponse;" language:Java NOT repo:apache/kafka NOT is:fork
2860	org.apache.kafka.common.requests.ProduceResponse	SCALA_EXACT_IMPORT_V1	scala_exact_import	1138	false	100	58	2026-07-20T11:41:56Z	2026-07-20T11:41:57Z	76807d4885a8665132960a355dbe7eb2872128c50677cff56571b1ff12394edf	F5D0:15D21A:1A3A974:1E149E6:6A5E0984	"import org.apache.kafka.common.requests.ProduceResponse" language:Scala NOT repo:apache/kafka NOT is:fork
2861	org.apache.kafka.common.requests.ProduceResponse.PartitionResponse	JAVA_EXACT_IMPORT_V1	java_exact_import	13	false	13	4	2026-07-19T03:46:17Z	2026-07-19T03:46:18Z	ed0e60bfdac5b18a874bfa63e1c6988f8dfaf6546a01cab8d7a38456666d9d86	D1F4:15D21A:448D46:50688B:6A5C4889	"import org.apache.kafka.common.requests.ProduceResponse.PartitionResponse;" language:Java NOT repo:apache/kafka NOT is:fork
2862	org.apache.kafka.common.requests.ProduceResponse.PartitionResponse	SCALA_EXACT_IMPORT_V1	scala_exact_import	1136	false	100	59	2026-07-20T11:42:00Z	2026-07-20T11:42:01Z	62a6a841798ca296bd1f03f88b5f0a7d9d9712978d3384e9106222eed729b36a	F5D5:27C73D:19FC079:1DD5795:6A5E0988	"import org.apache.kafka.common.requests.ProduceResponse.PartitionResponse" language:Scala NOT repo:apache/kafka NOT is:fork
2897	org.apache.kafka.common.requests.RequestContext	JAVA_EXACT_IMPORT_V1	java_exact_import	1060	false	100	38	2026-07-19T03:48:19Z	2026-07-19T03:48:21Z	935f0757faa8ac6cbdec02145dbc7759d605f8cce75c5c0ca4fd217decae7562	D254:3EFC6D:44D716:50B9E3:6A5C4904	"import org.apache.kafka.common.requests.RequestContext;" language:Java NOT repo:apache/kafka NOT is:fork
2898	org.apache.kafka.common.requests.RequestContext	SCALA_EXACT_IMPORT_V1	scala_exact_import	146	false	100	39	2026-07-20T11:46:05Z	2026-07-20T11:46:07Z	06650db1bf5fcf0aabea4ff4f6e679961c40db7899522fac6a6bba9158c88ee9	F6B7:3EFC6D:1A760C7:1E51FD4:6A5E0A7D	"import org.apache.kafka.common.requests.RequestContext" language:Scala NOT repo:apache/kafka NOT is:fork
2899	org.apache.kafka.common.requests.RequestHeader	JAVA_EXACT_IMPORT_V1	java_exact_import	1268	false	100	60	2026-07-19T03:48:22Z	2026-07-19T03:48:24Z	d7fa36189f51a3a0f999b7b4943a602b8b11676187d32c66df4fbd949ad32a89	D259:3307ED:42608B:4E3FAC:6A5C4906	"import org.apache.kafka.common.requests.RequestHeader;" language:Java NOT repo:apache/kafka NOT is:fork
2900	org.apache.kafka.common.requests.RequestHeader	SCALA_EXACT_IMPORT_V1	scala_exact_import	183	false	100	43	2026-07-20T11:46:10Z	2026-07-20T11:46:11Z	0b797f34c75c74dbdd3467ffd6fb593a8df827ad5766a32eced9594905398d1a	F6C7:1393B2:19A7A5F:1D83721:6A5E0A82	"import org.apache.kafka.common.requests.RequestHeader" language:Scala NOT repo:apache/kafka NOT is:fork
2969	org.apache.kafka.common.requests.TransactionResult	JAVA_EXACT_IMPORT_V1	java_exact_import	1204	false	100	45	2026-07-19T03:52:23Z	2026-07-19T03:52:24Z	01bd4a03cd1b536680e81c6e4b9cfa5adf65f03494fc7efde7b60e0b3efca315	D326:3EFC6D:458C1C:518A65:6A5C49F7	"import org.apache.kafka.common.requests.TransactionResult;" language:Java NOT repo:apache/kafka NOT is:fork
2970	org.apache.kafka.common.requests.TransactionResult	SCALA_EXACT_IMPORT_V1	scala_exact_import	272	false	100	58	2026-07-20T11:53:28Z	2026-07-20T11:53:30Z	5f0f42b58351dc8324fc9cf06fec5b6a83092c0b6d3476757fd786465c8699f8	F83C:1D830F:19B2353:1D9110E:6A5E0C38	"import org.apache.kafka.common.requests.TransactionResult" language:Scala NOT repo:apache/kafka NOT is:fork
3025	org.apache.kafka.common.security.JaasContext	JAVA_EXACT_IMPORT_V1	java_exact_import	956	false	100	65	2026-07-19T03:55:28Z	2026-07-19T03:55:31Z	1582a032c6af6303108868de3fc82ea74a9f76dba5170743ad998835d1df3a1f	D429:2E613:463F48:5254C0:6A5C4AB1	"import org.apache.kafka.common.security.JaasContext;" language:Java NOT repo:apache/kafka NOT is:fork
3026	org.apache.kafka.common.security.JaasContext	SCALA_EXACT_IMPORT_V1	scala_exact_import	357	false	100	58	2026-07-20T11:59:40Z	2026-07-20T11:59:41Z	eacbd403de5ef86e8aa1e967e885266d8155fafdcc3101af3e14d020d7a15850	F9D8:2D7762:1A85BC3:1E67306:6A5E0DAC	"import org.apache.kafka.common.security.JaasContext" language:Scala NOT repo:apache/kafka NOT is:fork
3029	org.apache.kafka.common.security.JaasUtils	JAVA_EXACT_IMPORT_V1	java_exact_import	420	false	100	80	2026-07-19T03:55:33Z	2026-07-19T03:55:35Z	6ea4c6c7a1f074a8ac7d0dc43892870d2a2a295b18d877e5a7877c7a697c6ef9	D42D:29E318:45B112:51C0D6:6A5C4AB5	"import org.apache.kafka.common.security.JaasUtils;" language:Java NOT repo:apache/kafka NOT is:fork
3030	org.apache.kafka.common.security.JaasUtils	SCALA_EXACT_IMPORT_V1	scala_exact_import	892	false	100	58	2026-07-20T11:59:47Z	2026-07-20T11:59:48Z	c79e72eb56152edc31479e6f0cb7d299484ec61b7e683580f76ef77aa6b4ba99	F9E0:1532A1:1A79CD5:1E5A72E:6A5E0DB3	"import org.apache.kafka.common.security.JaasUtils" language:Scala NOT repo:apache/kafka NOT is:fork
3085	org.apache.kafka.common.utils.ByteBufferOutputStream	JAVA_EXACT_IMPORT_V1	java_exact_import	1040	false	100	48	2026-07-19T03:58:37Z	2026-07-19T03:58:40Z	50d2d0470f120ac05bb337e1b5a214a1a3b7ae20b367c893ee8f6cee0fcb2f76	D4C6:1532A1:459BD0:51BFC6:6A5C4B6D	"import org.apache.kafka.common.utils.ByteBufferOutputStream;" language:Java NOT repo:apache/kafka NOT is:fork
3086	org.apache.kafka.common.utils.ByteBufferOutputStream	SCALA_EXACT_IMPORT_V1	scala_exact_import	3	false	3	3	2026-07-20T12:05:58Z	2026-07-20T12:05:59Z	8dc9e119e6d0f62442686d0060493ed0cffb4f953267378f3848c67ba303297a	FB7E:27C73D:1A478B8:1E2B001:6A5E0F26	"import org.apache.kafka.common.utils.ByteBufferOutputStream" language:Scala NOT repo:apache/kafka NOT is:fork
3087	org.apache.kafka.common.utils.Time	JAVA_EXACT_IMPORT_V1	java_exact_import	1840	false	100	67	2026-07-19T03:58:41Z	2026-07-19T03:58:44Z	4c7be98f652d176a3a012999c8e2aba7f4754c09e4a5e0e0c270a37584ea48ec	D4CA:1602E9:48CC4F:54EF6C:6A5C4B71	"import org.apache.kafka.common.utils.Time;" language:Java NOT repo:apache/kafka NOT is:fork
3088	org.apache.kafka.common.utils.Time	SCALA_EXACT_IMPORT_V1	scala_exact_import	1456	false	100	65	2026-07-20T12:06:04Z	2026-07-20T12:06:06Z	f74c52423305728770f8d675eeae5c7fea618a22d54ea55279642d0bbbb4c29e	FB85:DFF15:1A019DF:1DE4041:6A5E0F2C	"import org.apache.kafka.common.utils.Time" language:Scala NOT repo:apache/kafka NOT is:fork
3089	org.apache.kafka.common.utils.Timer	JAVA_EXACT_IMPORT_V1	java_exact_import	1268	false	100	56	2026-07-19T03:58:45Z	2026-07-19T03:58:46Z	10412cf7ff080d4bfb37075af60ef6d85795e741abb3f537f8f44eef14ac2ced	D4CD:20145F:44F195:511BBF:6A5C4B75	"import org.apache.kafka.common.utils.Timer;" language:Java NOT repo:apache/kafka NOT is:fork
3090	org.apache.kafka.common.utils.Timer	SCALA_EXACT_IMPORT_V1	scala_exact_import	0	false	0	0	2026-07-20T12:06:09Z	2026-07-20T12:06:10Z	08c082fdf7ca87ba911a2aabb0f0cf2d3e482a6feeaac9713e4578c20b2600b2	FB91:A2A4:19961E8:1D78B8F:6A5E0F32	"import org.apache.kafka.common.utils.Timer" language:Scala NOT repo:apache/kafka NOT is:fork
3091	org.apache.kafka.common.utils.Utils	JAVA_EXACT_IMPORT_V1	java_exact_import	2284	false	100	75	2026-07-19T03:58:47Z	2026-07-19T03:58:50Z	4a04072c117deccf46612635f0aa337c9a5873ba9b5e4bd1c240cb0e862b1ed4	D4D2:1EC310:42964D:4EB7F5:6A5C4B77	"import org.apache.kafka.common.utils.Utils;" language:Java NOT repo:apache/kafka NOT is:fork
3092	org.apache.kafka.common.utils.Utils	SCALA_EXACT_IMPORT_V1	scala_exact_import	1304	false	100	62	2026-07-21T01:03:05Z	2026-07-21T01:03:09Z	33b41d57426fa6b351f24e137066fe79fcb39660d7beb1dbcfd5357107a6ae22	DBA6:E6377:229C3E7:27C49F8:6A5EC54A	"import org.apache.kafka.common.utils.Utils" language:Scala NOT repo:apache/kafka NOT is:fork
3109	org.apache.kafka.connect.json.JsonConverter	JAVA_EXACT_IMPORT_V1	java_exact_import	1276	false	100	72	2026-07-19T03:59:50Z	2026-07-19T03:59:52Z	ca0f4b9f080e0d0db5606db95d2c1aaf32630de529f2ccae13ec941adaf5254d	D508:2485C3:4854CA:547E0B:6A5C4BB6	"import org.apache.kafka.connect.json.JsonConverter;" language:Java NOT repo:apache/kafka NOT is:fork
3110	org.apache.kafka.connect.json.JsonConverter	SCALA_EXACT_IMPORT_V1	scala_exact_import	21	false	21	6	2026-07-20T12:07:14Z	2026-07-20T12:07:15Z	e7493ddc2b37f1362f830b04e7cd111df7565d29409b3666081f4b1e29e87749	FBED:32F942:1AC0156:1EA2B2A:6A5E0F72	"import org.apache.kafka.connect.json.JsonConverter" language:Scala NOT repo:apache/kafka NOT is:fork
3281	org.apache.kafka.connect.transforms.util.SimpleConfig	JAVA_EXACT_IMPORT_V1	java_exact_import	1380	false	100	52	2026-07-19T04:16:19Z	2026-07-19T04:16:22Z	c45879c8df712b1cb06ede222405a87295f763b9cf997d23be5520039ee65515	D88B:EAC25:4DB6F3:5A5588:6A5C4F93	"import org.apache.kafka.connect.transforms.util.SimpleConfig;" language:Java NOT repo:apache/kafka NOT is:fork
3282	org.apache.kafka.connect.transforms.util.SimpleConfig	SCALA_EXACT_IMPORT_V1	scala_exact_import	4	false	4	4	2026-07-20T12:32:50Z	2026-07-20T12:32:51Z	a4f9a767c5137cb655b6b2efa6a107d2e3ff9ad9551952550c281f4b845192ec	C3AF:2E613:1AAEC18:1E9DE76:6A5E1572	"import org.apache.kafka.connect.transforms.util.SimpleConfig" language:Scala NOT repo:apache/kafka NOT is:fork
